<?xml version="1.0" encoding="UTF-8"?>
<project-private xmlns="http://www.netbeans.org/ns/project-private/1">
    <editor-bookmarks xmlns="http://www.netbeans.org/ns/editor-bookmarks/2" lastBookmarkId="0"/>
    <open-files xmlns="http://www.netbeans.org/ns/projectui-open-files/2">
        <group>
            <file>file:/C:/SistemaLaravel/sisVentas/resources/views/seguridad/usuario/edit.blade.php</file>
            <file>file:/C:/SistemaLaravel/sisVentas/resources/views/layouts/admin.blade.php</file>
            <file>file:/C:/SistemaLaravel/sisVentas/resources/views/home.blade.php</file>
            <file>file:/C:/SistemaLaravel/sisVentas/app/Http/routes.php</file>
        </group>
    </open-files>
</project-private>
